<?xml version="1.0"?>
<ConnectionManager xmlns:xsd="http://www.w3.org/2001/XMLSchema" xmlns:xsi="http://www.w3.org/2001/XMLSchema-instance">
  <FtpConnections>
    <FtpConnection>
      <Guid>ccdb2eb7-cf6c-4041-8f75-e50d01066069</Guid>
      <Name>Ftp</Name>
      <Host>192.168.0.30</Host>
      <Username />
      <PasswordCrypted>sa2Iy70B/eWKkD+KPJQ0YQ==</PasswordCrypted>
      <Port>21</Port>
      <Timeout>15</Timeout>
      <DestinationFolder>/InternalStorage</DestinationFolder>
      <Mode>Passive</Mode>
    </FtpConnection>
  </FtpConnections>
  <SshConnections />
  <Folders />
  <LastUsedTarget>ccdb2eb7-cf6c-4041-8f75-e50d01066069</LastUsedTarget>
  <KeepAutoexec>false</KeepAutoexec>
  <DownloadSourceAsZip>false</DownloadSourceAsZip>
  <PasswordProtection>false</PasswordProtection>
  <Password />
  <StopRunningGrs>true</StopRunningGrs>
  <RestartGrs>true</RestartGrs>
  <WaitTimeAfterShutdown>2</WaitTimeAfterShutdown>
  <UploadRecipes>false</UploadRecipes>
  <UploadUserManagement>false</UploadUserManagement>
</ConnectionManager>